participant_id,paper_order,paper_position,field_type,attempt_score,position,question_target,question_type,first_interaction_ms,duration_ms,score,skipped,timed_out
YQAN,own,1,in_field,47.6,1,Planted error,multiple_choice,41540,52271,100,FALSE,FALSE
YQAN,own,1,in_field,47.6,2,Planted error,multiple_choice,39202,42793,100,FALSE,FALSE
YQAN,own,1,in_field,47.6,3,Unstated rationale,free_response,301861,507260,36,FALSE,FALSE
YQAN,own,1,in_field,47.6,4,Background knowledge,free_response,9007,144340,100,FALSE,FALSE
YQAN,own,1,in_field,47.6,5,Background knowledge,free_response,22218,148913,45,FALSE,FALSE
YQAN,own,1,in_field,47.6,6,Failure mode,free_response,,2213,0,TRUE,FALSE
YQAN,own,1,in_field,47.6,7,Failure mode,free_response,,595,0,TRUE,FALSE
YQAN,own,1,in_field,47.6,8,Unstated rationale,free_response,,2072,0,FALSE,TRUE
YQAN,foreign,2,in_field,15,1,Planted error,multiple_choice,109110,139079,0,FALSE,FALSE
YQAN,foreign,2,in_field,15,2,Background knowledge,free_response,22740,319133,20,FALSE,FALSE
YQAN,foreign,2,in_field,15,3,Unstated rationale,free_response,,225566,0,TRUE,FALSE
YQAN,foreign,2,in_field,15,4,Failure mode,free_response,,48143,0,TRUE,FALSE
YQAN,foreign,2,in_field,15,5,Planted error,multiple_choice,74731,76392,100,FALSE,FALSE
YQAN,foreign,2,in_field,15,6,Unstated rationale,free_response,,44992,0,TRUE,FALSE
YQAN,foreign,2,in_field,15,7,Failure mode,free_response,,19821,0,TRUE,FALSE
YQAN,foreign,2,in_field,15,8,Background knowledge,free_response,,27542,0,FALSE,TRUE
WXP8,foreign,1,out_field,7.5,1,Unstated rationale,free_response,217666,262567,9,FALSE,FALSE
WXP8,foreign,1,out_field,7.5,2,Background knowledge,free_response,54050,341134,15,FALSE,FALSE
WXP8,foreign,1,out_field,7.5,3,Unstated rationale,free_response,107819,144731,36,FALSE,FALSE
WXP8,foreign,1,out_field,7.5,4,Failure mode,free_response,112161,151900,0,FALSE,FALSE
WXP8,foreign,1,out_field,7.5,5,Planted error,multiple_choice,,0,0,FALSE,TRUE
WXP8,foreign,1,out_field,7.5,6,Background knowledge,free_response,,0,0,FALSE,TRUE
WXP8,foreign,1,out_field,7.5,7,Planted error,multiple_choice,,0,0,FALSE,TRUE
WXP8,foreign,1,out_field,7.5,8,Failure mode,free_response,,0,0,FALSE,TRUE
WXP8,own,2,out_field,55.4,1,Background knowledge,free_response,10375,219793,95,FALSE,FALSE
WXP8,own,2,out_field,55.4,2,Unstated rationale,free_response,,290243,50,FALSE,FALSE
WXP8,own,2,out_field,55.4,3,Failure mode,free_response,11046,171034,73,FALSE,FALSE
WXP8,own,2,out_field,55.4,4,Unstated rationale,free_response,38958,128122,25,FALSE,FALSE
WXP8,own,2,out_field,55.4,5,Planted error,multiple_choice,42890,43808,100,FALSE,FALSE
WXP8,own,2,out_field,55.4,6,Planted error,multiple_choice,19585,20579,100,FALSE,FALSE
WXP8,own,2,out_field,55.4,7,Failure mode,free_response,19779,26780,0,FALSE,FALSE
WXP8,own,2,out_field,55.4,8,Background knowledge,free_response,,0,0,FALSE,TRUE
XS8W,foreign,1,in_field,33.1,1,Background knowledge,free_response,83554,440459,65,FALSE,FALSE
XS8W,foreign,1,in_field,33.1,2,Background knowledge,free_response,19144,206941,0,TRUE,FALSE
XS8W,foreign,1,in_field,33.1,3,Unstated rationale,free_response,9217,27365,0,FALSE,FALSE
XS8W,foreign,1,in_field,33.1,4,Unstated rationale,free_response,28180,105703,0,FALSE,FALSE
XS8W,foreign,1,in_field,33.1,5,Failure mode,free_response,,43580,0,TRUE,FALSE
XS8W,foreign,1,in_field,33.1,6,Failure mode,free_response,,19000,0,TRUE,FALSE
XS8W,foreign,1,in_field,33.1,7,Planted error,multiple_choice,32460,33511,100,FALSE,FALSE
XS8W,foreign,1,in_field,33.1,8,Planted error,multiple_choice,22701,23498,100,FALSE,FALSE
XS8W,own,2,in_field,60,1,Planted error,multiple_choice,23076,24113,100,FALSE,FALSE
XS8W,own,2,in_field,60,2,Unstated rationale,free_response,10943,132841,38,FALSE,FALSE
XS8W,own,2,in_field,60,3,Failure mode,free_response,58412,311166,25,FALSE,FALSE
XS8W,own,2,in_field,60,4,Planted error,multiple_choice,27012,72736,100,FALSE,FALSE
XS8W,own,2,in_field,60,5,Background knowledge,free_response,15256,154603,77,FALSE,FALSE
XS8W,own,2,in_field,60,6,Background knowledge,free_response,11672,122530,50,FALSE,FALSE
XS8W,own,2,in_field,60,7,Failure mode,free_response,10488,82733,90,FALSE,FALSE
XS8W,own,2,in_field,60,8,Unstated rationale,free_response,,0,0,FALSE,TRUE
WH2S,own,1,out_field,10.4,1,Failure mode,free_response,38587,312502,78,FALSE,FALSE
WH2S,own,1,out_field,10.4,2,Failure mode,free_response,49670,126684,0,FALSE,FALSE
WH2S,own,1,out_field,10.4,3,Background knowledge,free_response,25468,273084,5,FALSE,FALSE
WH2S,own,1,out_field,10.4,4,Planted error,multiple_choice,62769,63983,0,FALSE,FALSE
WH2S,own,1,out_field,10.4,5,Unstated rationale,free_response,47500,116671,0,FALSE,FALSE
WH2S,own,1,out_field,10.4,6,Background knowledge,free_response,,7325,0,FALSE,TRUE
WH2S,own,1,out_field,10.4,7,Unstated rationale,free_response,,0,0,FALSE,TRUE
WH2S,own,1,out_field,10.4,8,Planted error,multiple_choice,,0,0,FALSE,TRUE
WH2S,foreign,2,out_field,26,1,Unstated rationale,free_response,159166,172976,0,FALSE,FALSE
WH2S,foreign,2,out_field,26,2,Failure mode,free_response,11589,22046,0,FALSE,FALSE
WH2S,foreign,2,out_field,26,3,Planted error,multiple_choice,74246,75834,100,FALSE,FALSE
WH2S,foreign,2,out_field,26,4,Background knowledge,free_response,24651,79131,0,FALSE,FALSE
WH2S,foreign,2,out_field,26,5,Planted error,multiple_choice,20670,21902,100,FALSE,FALSE
WH2S,foreign,2,out_field,26,6,Unstated rationale,free_response,57099,123767,8,FALSE,FALSE
WH2S,foreign,2,out_field,26,7,Background knowledge,free_response,13976,30399,0,FALSE,FALSE
WH2S,foreign,2,out_field,26,8,Failure mode,free_response,24452,29352,0,FALSE,FALSE
WSVX,own,1,in_field,57.9,1,Planted error,multiple_choice,64317,65198,100,FALSE,FALSE
WSVX,own,1,in_field,57.9,2,Unstated rationale,free_response,46500,181077,43,FALSE,FALSE
WSVX,own,1,in_field,57.9,3,Unstated rationale,free_response,27331,216782,78,FALSE,FALSE
WSVX,own,1,in_field,57.9,4,Failure mode,free_response,68599,142112,100,FALSE,FALSE
WSVX,own,1,in_field,57.9,5,Failure mode,free_response,40201,134544,10,FALSE,FALSE
WSVX,own,1,in_field,57.9,6,Planted error,multiple_choice,29300,30169,100,FALSE,FALSE
WSVX,own,1,in_field,57.9,7,Background knowledge,free_response,8450,102644,32,FALSE,FALSE
WSVX,own,1,in_field,57.9,8,Background knowledge,free_response,4786,28385,0,FALSE,FALSE
WSVX,foreign,2,in_field,33.5,1,Failure mode,free_response,170586,256657,0,FALSE,FALSE
WSVX,foreign,2,in_field,33.5,2,Unstated rationale,free_response,79867,148741,8,FALSE,FALSE
WSVX,foreign,2,in_field,33.5,3,Background knowledge,free_response,16130,114862,5,FALSE,FALSE
WSVX,foreign,2,in_field,33.5,4,Planted error,multiple_choice,9144,9687,100,FALSE,FALSE
WSVX,foreign,2,in_field,33.5,5,Planted error,multiple_choice,13159,15013,100,FALSE,FALSE
WSVX,foreign,2,in_field,33.5,6,Unstated rationale,free_response,46041,253375,55,FALSE,FALSE
WSVX,foreign,2,in_field,33.5,7,Failure mode,free_response,26992,68725,0,FALSE,FALSE
WSVX,foreign,2,in_field,33.5,8,Background knowledge,free_response,3123,33376,0,FALSE,FALSE
XZQW,own,1,out_field,34.4,1,Unstated rationale,free_response,34110,210062,20,FALSE,FALSE
XZQW,own,1,out_field,34.4,2,Background knowledge,free_response,18272,247484,35,FALSE,FALSE
XZQW,own,1,out_field,34.4,3,Planted error,multiple_choice,14295,15673,100,FALSE,FALSE
XZQW,own,1,out_field,34.4,4,Planted error,multiple_choice,31231,32708,100,FALSE,FALSE
XZQW,own,1,out_field,34.4,5,Background knowledge,free_response,27198,265852,0,FALSE,FALSE
XZQW,own,1,out_field,34.4,6,Unstated rationale,free_response,41781,79136,0,FALSE,FALSE
XZQW,own,1,out_field,34.4,7,Failure mode,free_response,24610,47706,20,FALSE,FALSE
XZQW,own,1,out_field,34.4,8,Failure mode,free_response,,2070,0,FALSE,TRUE
XZQW,foreign,2,out_field,8.1,1,Unstated rationale,free_response,201570,208779,30,FALSE,FALSE
XZQW,foreign,2,out_field,8.1,2,Failure mode,free_response,196889,201529,0,FALSE,FALSE
XZQW,foreign,2,out_field,8.1,3,Unstated rationale,free_response,98597,126236,10,FALSE,FALSE
XZQW,foreign,2,out_field,8.1,4,Planted error,multiple_choice,18243,31907,0,FALSE,FALSE
XZQW,foreign,2,out_field,8.1,5,Background knowledge,free_response,44526,160924,10,FALSE,FALSE
XZQW,foreign,2,out_field,8.1,6,Planted error,multiple_choice,35581,37808,0,FALSE,FALSE
XZQW,foreign,2,out_field,8.1,7,Background knowledge,free_response,23447,131442,15,FALSE,FALSE
XZQW,foreign,2,out_field,8.1,8,Failure mode,free_response,,2059,0,FALSE,TRUE
GNYE,own,1,in_field,51,1,Failure mode,free_response,25634,194908,35,FALSE,FALSE
GNYE,own,1,in_field,51,2,Unstated rationale,free_response,21051,234034,34,FALSE,FALSE
GNYE,own,1,in_field,51,3,Unstated rationale,free_response,25610,169647,64,FALSE,FALSE
GNYE,own,1,in_field,51,4,Planted error,multiple_choice,43933,50083,100,FALSE,FALSE
GNYE,own,1,in_field,51,5,Planted error,multiple_choice,29773,30735,100,FALSE,FALSE
GNYE,own,1,in_field,51,6,Background knowledge,free_response,16223,132720,65,FALSE,FALSE
GNYE,own,1,in_field,51,7,Background knowledge,free_response,8919,55491,10,FALSE,FALSE
GNYE,own,1,in_field,51,8,Failure mode,free_response,18283,33416,0,FALSE,FALSE
GNYE,foreign,2,in_field,1.3,1,Failure mode,free_response,56839,115029,2,FALSE,FALSE
GNYE,foreign,2,in_field,1.3,2,Planted error,multiple_choice,42734,43580,0,FALSE,FALSE
GNYE,foreign,2,in_field,1.3,3,Unstated rationale,free_response,44090,113509,3,FALSE,FALSE
GNYE,foreign,2,in_field,1.3,4,Background knowledge,free_response,4823,90008,0,FALSE,FALSE
GNYE,foreign,2,in_field,1.3,5,Planted error,multiple_choice,3831,4851,0,FALSE,FALSE
GNYE,foreign,2,in_field,1.3,6,Background knowledge,free_response,11484,80153,0,FALSE,FALSE
GNYE,foreign,2,in_field,1.3,7,Unstated rationale,free_response,40742,96906,5,FALSE,FALSE
GNYE,foreign,2,in_field,1.3,8,Failure mode,free_response,11714,40049,0,FALSE,FALSE
MCFG,foreign,1,out_field,17.3,1,Planted error,multiple_choice,187562,197162,100,FALSE,FALSE
MCFG,foreign,1,out_field,17.3,2,Background knowledge,free_response,,9560,0,TRUE,FALSE
MCFG,foreign,1,out_field,17.3,3,Failure mode,free_response,,4770,0,TRUE,FALSE
MCFG,foreign,1,out_field,17.3,4,Planted error,multiple_choice,,91888,0,TRUE,FALSE
MCFG,foreign,1,out_field,17.3,5,Unstated rationale,free_response,,61611,0,TRUE,FALSE
MCFG,foreign,1,out_field,17.3,6,Background knowledge,free_response,,34598,0,TRUE,FALSE
MCFG,foreign,1,out_field,17.3,7,Failure mode,free_response,,4565,0,TRUE,FALSE
MCFG,foreign,1,out_field,17.3,8,Unstated rationale,free_response,73343,146357,38,FALSE,FALSE
MCFG,own,2,out_field,58,1,Planted error,multiple_choice,57129,58214,100,FALSE,FALSE
MCFG,own,2,out_field,58,2,Failure mode,free_response,20782,144760,100,FALSE,FALSE
MCFG,own,2,out_field,58,3,Failure mode,free_response,5977,90432,0,FALSE,FALSE
MCFG,own,2,out_field,58,4,Background knowledge,free_response,8021,129962,100,FALSE,FALSE
MCFG,own,2,out_field,58,5,Background knowledge,free_response,25915,109683,25,FALSE,FALSE
MCFG,own,2,out_field,58,6,Planted error,multiple_choice,20772,21815,100,FALSE,FALSE
MCFG,own,2,out_field,58,7,Unstated rationale,free_response,13018,144120,27,FALSE,FALSE
MCFG,own,2,out_field,58,8,Unstated rationale,free_response,52795,123821,12,FALSE,FALSE
D4FP,foreign,1,in_field,8.4,1,Background knowledge,free_response,21193,363133,15,FALSE,FALSE
D4FP,foreign,1,in_field,8.4,2,Planted error,multiple_choice,,99691,0,TRUE,FALSE
D4FP,foreign,1,in_field,8.4,3,Unstated rationale,free_response,137200,228674,52,FALSE,FALSE
D4FP,foreign,1,in_field,8.4,4,Failure mode,free_response,131178,196077,0,FALSE,FALSE
D4FP,foreign,1,in_field,8.4,5,Unstated rationale,free_response,,13273,0,FALSE,TRUE
D4FP,foreign,1,in_field,8.4,6,Background knowledge,free_response,,0,0,FALSE,TRUE
D4FP,foreign,1,in_field,8.4,7,Planted error,multiple_choice,,0,0,FALSE,TRUE
D4FP,foreign,1,in_field,8.4,8,Failure mode,free_response,,0,0,FALSE,TRUE
D4FP,own,2,in_field,36.5,1,Planted error,multiple_choice,108309,110521,100,FALSE,FALSE
D4FP,own,2,in_field,36.5,2,Failure mode,free_response,46683,165456,30,FALSE,FALSE
D4FP,own,2,in_field,36.5,3,Unstated rationale,free_response,29043,106235,10,FALSE,FALSE
D4FP,own,2,in_field,36.5,4,Failure mode,free_response,16011,139788,0,FALSE,FALSE
D4FP,own,2,in_field,36.5,5,Unstated rationale,free_response,8468,79300,77,FALSE,FALSE
D4FP,own,2,in_field,36.5,6,Background knowledge,free_response,12841,132772,62,FALSE,FALSE
D4FP,own,2,in_field,36.5,7,Background knowledge,free_response,17800,156899,13,FALSE,FALSE
D4FP,own,2,in_field,36.5,8,Planted error,multiple_choice,,9163,0,FALSE,TRUE
YB8X,foreign,1,out_field,5.8,1,Unstated rationale,free_response,201857,304183,8,FALSE,FALSE
YB8X,foreign,1,out_field,5.8,2,Failure mode,free_response,,68924,0,TRUE,FALSE
YB8X,foreign,1,out_field,5.8,3,Unstated rationale,free_response,184172,393249,38,FALSE,FALSE
YB8X,foreign,1,out_field,5.8,4,Background knowledge,free_response,1642,134243,0,FALSE,FALSE
YB8X,foreign,1,out_field,5.8,5,Failure mode,free_response,,0,0,FALSE,TRUE
YB8X,foreign,1,out_field,5.8,6,Background knowledge,free_response,,0,0,FALSE,TRUE
YB8X,foreign,1,out_field,5.8,7,Planted error,multiple_choice,,0,0,FALSE,TRUE
YB8X,foreign,1,out_field,5.8,8,Planted error,multiple_choice,,0,0,FALSE,TRUE
YB8X,own,2,out_field,62.6,1,Background knowledge,free_response,24190,181907,55,FALSE,FALSE
YB8X,own,2,out_field,62.6,2,Unstated rationale,free_response,16439,128439,20,FALSE,FALSE
YB8X,own,2,out_field,62.6,3,Failure mode,free_response,18504,74089,18,FALSE,FALSE
YB8X,own,2,out_field,62.6,4,Planted error,multiple_choice,34513,35371,100,FALSE,FALSE
YB8X,own,2,out_field,62.6,5,Failure mode,free_response,12433,73878,90,FALSE,FALSE
YB8X,own,2,out_field,62.6,6,Unstated rationale,free_response,29494,110522,48,FALSE,FALSE
YB8X,own,2,out_field,62.6,7,Background knowledge,free_response,8415,138408,70,FALSE,FALSE
YB8X,own,2,out_field,62.6,8,Planted error,multiple_choice,40016,41224,100,FALSE,FALSE
UFQ2,own,1,in_field,50.6,1,Planted error,multiple_choice,27751,29121,100,FALSE,FALSE
UFQ2,own,1,in_field,50.6,2,Failure mode,free_response,76813,248437,0,FALSE,FALSE
UFQ2,own,1,in_field,50.6,3,Background knowledge,free_response,14593,235610,56,FALSE,FALSE
UFQ2,own,1,in_field,50.6,4,Failure mode,free_response,78132,160445,48,FALSE,FALSE
UFQ2,own,1,in_field,50.6,5,Planted error,multiple_choice,15505,16267,100,FALSE,FALSE
UFQ2,own,1,in_field,50.6,6,Unstated rationale,free_response,19286,100528,48,FALSE,FALSE
UFQ2,own,1,in_field,50.6,7,Background knowledge,free_response,,34798,0,TRUE,FALSE
UFQ2,own,1,in_field,50.6,8,Unstated rationale,free_response,42759,72979,53,FALSE,FALSE
UFQ2,foreign,2,in_field,42.9,1,Unstated rationale,free_response,101349,177472,35,FALSE,FALSE
UFQ2,foreign,2,in_field,42.9,2,Unstated rationale,free_response,79034,125685,28,FALSE,FALSE
UFQ2,foreign,2,in_field,42.9,3,Background knowledge,free_response,17757,104460,70,FALSE,FALSE
UFQ2,foreign,2,in_field,42.9,4,Background knowledge,free_response,4996,150239,10,FALSE,FALSE
UFQ2,foreign,2,in_field,42.9,5,Failure mode,free_response,61161,108496,0,FALSE,FALSE
UFQ2,foreign,2,in_field,42.9,6,Failure mode,free_response,57413,77602,0,FALSE,FALSE
UFQ2,foreign,2,in_field,42.9,7,Planted error,multiple_choice,17492,18791,100,FALSE,FALSE
UFQ2,foreign,2,in_field,42.9,8,Planted error,multiple_choice,36590,41005,100,FALSE,FALSE
YCTB,own,1,out_field,50.3,1,Unstated rationale,free_response,20399,193875,34,FALSE,FALSE
YCTB,own,1,out_field,50.3,2,Planted error,multiple_choice,22574,23435,100,FALSE,FALSE
YCTB,own,1,out_field,50.3,3,Planted error,multiple_choice,13056,13793,100,FALSE,FALSE
YCTB,own,1,out_field,50.3,4,Background knowledge,free_response,23789,79176,60,FALSE,FALSE
YCTB,own,1,out_field,50.3,5,Unstated rationale,free_response,18271,65699,8,FALSE,FALSE
YCTB,own,1,out_field,50.3,6,Failure mode,free_response,17506,43804,0,FALSE,FALSE
YCTB,own,1,out_field,50.3,7,Failure mode,free_response,50668,104382,30,FALSE,FALSE
YCTB,own,1,out_field,50.3,8,Background knowledge,free_response,6065,67739,70,FALSE,FALSE
ZDW7,own,1,in_field,53.1,1,Failure mode,free_response,33237,125933,90,FALSE,FALSE
ZDW7,own,1,in_field,53.1,2,Failure mode,free_response,30496,131616,0,FALSE,FALSE
ZDW7,own,1,in_field,53.1,3,Planted error,multiple_choice,22379,36372,100,FALSE,FALSE
ZDW7,own,1,in_field,53.1,4,Background knowledge,free_response,38233,276034,30,FALSE,FALSE
ZDW7,own,1,in_field,53.1,5,Planted error,multiple_choice,14113,15194,100,FALSE,FALSE
ZDW7,own,1,in_field,53.1,6,Background knowledge,free_response,9383,108875,62,FALSE,FALSE
ZDW7,own,1,in_field,53.1,7,Unstated rationale,free_response,18712,119031,38,FALSE,FALSE
ZDW7,own,1,in_field,53.1,8,Unstated rationale,free_response,58666,87291,5,FALSE,FALSE
JSZD,own,1,in_field,68.6,1,Failure mode,free_response,56339,147059,65,FALSE,FALSE
JSZD,own,1,in_field,68.6,2,Background knowledge,free_response,8978,95374,60,FALSE,FALSE
JSZD,own,1,in_field,68.6,3,Unstated rationale,free_response,7759,65676,45,FALSE,FALSE
JSZD,own,1,in_field,68.6,4,Planted error,multiple_choice,36313,37859,100,FALSE,FALSE
JSZD,own,1,in_field,68.6,5,Unstated rationale,free_response,12214,115558,75,FALSE,FALSE
JSZD,own,1,in_field,68.6,6,Background knowledge,free_response,5478,154269,74,FALSE,FALSE
JSZD,own,1,in_field,68.6,7,Failure mode,free_response,35235,124711,30,FALSE,FALSE
JSZD,own,1,in_field,68.6,8,Planted error,multiple_choice,47630,48726,100,FALSE,FALSE
YCTB,foreign,2,out_field,31,1,Unstated rationale,free_response,52757,131858,8,FALSE,FALSE
YCTB,foreign,2,out_field,31,2,Background knowledge,free_response,16381,117039,40,FALSE,FALSE
YCTB,foreign,2,out_field,31,3,Failure mode,free_response,7853,13316,0,FALSE,FALSE
YCTB,foreign,2,out_field,31,4,Background knowledge,free_response,,18214,0,TRUE,FALSE
YCTB,foreign,2,out_field,31,5,Failure mode,free_response,,15830,0,TRUE,FALSE
YCTB,foreign,2,out_field,31,6,Planted error,multiple_choice,26190,26755,100,FALSE,FALSE
YCTB,foreign,2,out_field,31,7,Planted error,multiple_choice,43090,46924,100,FALSE,FALSE
YCTB,foreign,2,out_field,31,8,Unstated rationale,free_response,,6509,0,TRUE,FALSE
ZDW7,foreign,2,in_field,50.6,1,Unstated rationale,free_response,67622,172390,56,FALSE,FALSE
ZDW7,foreign,2,in_field,50.6,2,Background knowledge,free_response,18710,203916,35,FALSE,FALSE
ZDW7,foreign,2,in_field,50.6,3,Unstated rationale,free_response,126799,235851,62,FALSE,FALSE
ZDW7,foreign,2,in_field,50.6,4,Failure mode,free_response,49528,104573,62,FALSE,FALSE
ZDW7,foreign,2,in_field,50.6,5,Failure mode,free_response,50132,91380,90,FALSE,FALSE
ZDW7,foreign,2,in_field,50.6,6,Planted error,multiple_choice,78486,79935,100,FALSE,FALSE
ZDW7,foreign,2,in_field,50.6,7,Background knowledge,free_response,,11869,0,TRUE,FALSE
ZDW7,foreign,2,in_field,50.6,8,Planted error,multiple_choice,,1225,0,FALSE,TRUE
JSZD,foreign,2,in_field,38.1,1,Planted error,multiple_choice,59217,60176,100,FALSE,FALSE
JSZD,foreign,2,in_field,38.1,2,Unstated rationale,free_response,73219,155728,20,FALSE,FALSE
JSZD,foreign,2,in_field,38.1,3,Background knowledge,free_response,133093,150405,0,FALSE,FALSE
JSZD,foreign,2,in_field,38.1,4,Background knowledge,free_response,6851,75604,15,FALSE,FALSE
JSZD,foreign,2,in_field,38.1,5,Failure mode,free_response,153528,215113,15,FALSE,FALSE
JSZD,foreign,2,in_field,38.1,6,Failure mode,free_response,33008,78874,5,FALSE,FALSE
JSZD,foreign,2,in_field,38.1,7,Unstated rationale,free_response,16722,81320,50,FALSE,FALSE
JSZD,foreign,2,in_field,38.1,8,Planted error,multiple_choice,41052,43329,100,FALSE,FALSE
BYQQ,own,2,in_field,50.6,1,Unstated rationale,free_response,13802,94476,15,FALSE,FALSE
BYQQ,own,2,in_field,50.6,2,Background knowledge,free_response,57686,153489,0,FALSE,FALSE
BYQQ,own,2,in_field,50.6,3,Background knowledge,free_response,37032,107983,0,TRUE,FALSE
BYQQ,own,2,in_field,50.6,4,Planted error,multiple_choice,28602,29391,100,FALSE,FALSE
BYQQ,own,2,in_field,50.6,5,Failure mode,free_response,11039,63958,62,FALSE,FALSE
BYQQ,own,2,in_field,50.6,6,Planted error,multiple_choice,18881,19537,100,FALSE,FALSE
BYQQ,own,2,in_field,50.6,7,Unstated rationale,free_response,54866,268993,43,FALSE,FALSE
BYQQ,own,2,in_field,50.6,8,Failure mode,free_response,28541,100394,85,FALSE,FALSE
9VE5,own,2,out_field,55.3,1,Background knowledge,free_response,7270,234930,85,FALSE,FALSE
9VE5,own,2,out_field,55.3,2,Failure mode,free_response,11427,127074,0,FALSE,FALSE
9VE5,own,2,out_field,55.3,3,Failure mode,free_response,11292,178761,55,FALSE,FALSE
9VE5,own,2,out_field,55.3,4,Background knowledge,free_response,4506,167144,53,FALSE,FALSE
9VE5,own,2,out_field,55.3,5,Planted error,multiple_choice,14564,15513,100,FALSE,FALSE
9VE5,own,2,out_field,55.3,6,Unstated rationale,free_response,11836,113329,6,FALSE,FALSE
9VE5,own,2,out_field,55.3,7,Planted error,multiple_choice,11970,12887,100,FALSE,FALSE
9VE5,own,2,out_field,55.3,8,Unstated rationale,free_response,11077,48457,43,FALSE,FALSE
9VE5,foreign,1,out_field,28,1,Background knowledge,free_response,142788,422658,8,FALSE,FALSE
9VE5,foreign,1,out_field,28,2,Background knowledge,free_response,46537,135582,12,FALSE,FALSE
9VE5,foreign,1,out_field,28,3,Unstated rationale,free_response,33596,61642,4,FALSE,FALSE
9VE5,foreign,1,out_field,28,4,Failure mode,free_response,72465,88986,0,FALSE,FALSE
9VE5,foreign,1,out_field,28,5,Failure mode,free_response,,103251,0,TRUE,FALSE
9VE5,foreign,1,out_field,28,6,Planted error,multiple_choice,22735,23882,100,FALSE,FALSE
9VE5,foreign,1,out_field,28,7,Unstated rationale,free_response,,16024,0,TRUE,FALSE
9VE5,foreign,1,out_field,28,8,Planted error,multiple_choice,24150,27142,100,FALSE,FALSE
X6N3,own,1,out_field,52.9,1,Failure mode,free_response,8606,67426,20,FALSE,FALSE
X6N3,own,1,out_field,52.9,2,Planted error,multiple_choice,15971,17156,100,FALSE,FALSE
X6N3,own,1,out_field,52.9,3,Planted error,multiple_choice,15236,16046,0,FALSE,FALSE
X6N3,own,1,out_field,52.9,4,Unstated rationale,free_response,34149,166289,55,FALSE,FALSE
X6N3,own,1,out_field,52.9,5,Unstated rationale,free_response,11411,154137,68,FALSE,FALSE
X6N3,own,1,out_field,52.9,6,Background knowledge,free_response,5278,118406,50,FALSE,FALSE
X6N3,own,1,out_field,52.9,7,Background knowledge,free_response,21808,115683,30,FALSE,FALSE
X6N3,own,1,out_field,52.9,8,Failure mode,free_response,20395,107700,100,FALSE,FALSE
X6N3,foreign,2,out_field,28.5,1,Failure mode,free_response,16305,180012,0,FALSE,FALSE
X6N3,foreign,2,out_field,28.5,2,Planted error,multiple_choice,58503,59221,100,FALSE,FALSE
X6N3,foreign,2,out_field,28.5,3,Failure mode,free_response,6996,103205,0,FALSE,FALSE
X6N3,foreign,2,out_field,28.5,4,Background knowledge,free_response,6379,87789,20,FALSE,FALSE
X6N3,foreign,2,out_field,28.5,5,Unstated rationale,free_response,34756,78876,8,FALSE,FALSE
X6N3,foreign,2,out_field,28.5,6,Planted error,multiple_choice,23784,24773,100,FALSE,FALSE
X6N3,foreign,2,out_field,28.5,7,Background knowledge,free_response,96569,163722,0,FALSE,FALSE
X6N3,foreign,2,out_field,28.5,8,Unstated rationale,free_response,42024,141196,0,FALSE,FALSE
BYQQ,foreign,1,in_field,41.3,1,Unstated rationale,free_response,81116,208581,8,FALSE,FALSE
BYQQ,foreign,1,in_field,41.3,2,Background knowledge,free_response,6485,150269,35,FALSE,FALSE
BYQQ,foreign,1,in_field,41.3,3,Planted error,multiple_choice,4432,22258,100,FALSE,FALSE
BYQQ,foreign,1,in_field,41.3,4,Failure mode,free_response,23200,84441,20,FALSE,FALSE
BYQQ,foreign,1,in_field,41.3,5,Planted error,multiple_choice,20565,21381,100,FALSE,FALSE
BYQQ,foreign,1,in_field,41.3,6,Background knowledge,free_response,18616,225568,67,FALSE,FALSE
BYQQ,foreign,1,in_field,41.3,7,Failure mode,free_response,55035,136665,0,FALSE,FALSE
BYQQ,foreign,1,in_field,41.3,8,Unstated rationale,free_response,30987,48393,0,FALSE,FALSE
AFHD,own,2,in_field,54.8,1,Unstated rationale,free_response,14938,167461,62,FALSE,FALSE
AFHD,own,2,in_field,54.8,2,Background knowledge,free_response,4379,328947,73,FALSE,FALSE
AFHD,own,2,in_field,54.8,3,Background knowledge,free_response,10606,177275,80,FALSE,FALSE
AFHD,own,2,in_field,54.8,4,Planted error,multiple_choice,33713,35203,100,FALSE,FALSE
AFHD,own,2,in_field,54.8,5,Planted error,multiple_choice,5867,8214,100,FALSE,FALSE
AFHD,own,2,in_field,54.8,6,Unstated rationale,free_response,28183,142572,23,FALSE,FALSE
AFHD,own,2,in_field,54.8,7,Failure mode,free_response,8445,26325,0,FALSE,FALSE
AFHD,own,2,in_field,54.8,8,Failure mode,free_response,4837,14242,0,FALSE,FALSE
AFHD,foreign,1,in_field,35.6,1,Planted error,multiple_choice,93206,95004,100,FALSE,FALSE
AFHD,foreign,1,in_field,35.6,2,Unstated rationale,free_response,81495,135136,7,FALSE,FALSE
AFHD,foreign,1,in_field,35.6,3,Failure mode,free_response,12926,95645,0,FALSE,FALSE
AFHD,foreign,1,in_field,35.6,4,Planted error,multiple_choice,77148,78449,100,FALSE,FALSE
AFHD,foreign,1,in_field,35.6,5,Background knowledge,free_response,8079,113348,20,FALSE,FALSE
AFHD,foreign,1,in_field,35.6,6,Unstated rationale,free_response,67221,160849,15,FALSE,FALSE
AFHD,foreign,1,in_field,35.6,7,Background knowledge,free_response,6451,43328,43,FALSE,FALSE
AFHD,foreign,1,in_field,35.6,8,Failure mode,free_response,7244,25623,0,FALSE,FALSE
3UMA,foreign,1,out_field,35.3,1,Background knowledge,free_response,75270,201184,45,FALSE,FALSE
3UMA,foreign,1,out_field,35.3,2,Failure mode,free_response,97050,276987,37,FALSE,FALSE
3UMA,foreign,1,out_field,35.3,3,Planted error,multiple_choice,120825,121772,100,FALSE,FALSE
3UMA,foreign,1,out_field,35.3,4,Unstated rationale,free_response,140678,165158,0,FALSE,FALSE
3UMA,foreign,1,out_field,35.3,5,Unstated rationale,free_response,,37360,0,TRUE,FALSE
3UMA,foreign,1,out_field,35.3,6,Planted error,multiple_choice,17584,18408,100,FALSE,FALSE
3UMA,foreign,1,out_field,35.3,7,Failure mode,free_response,70836,78129,0,FALSE,FALSE
3UMA,foreign,1,out_field,35.3,8,Background knowledge,free_response,,1099,0,FALSE,TRUE
3UMA,own,2,out_field,22.9,1,Failure mode,free_response,239266,337408,0,FALSE,FALSE
3UMA,own,2,out_field,22.9,2,Unstated rationale,free_response,12157,87587,38,FALSE,FALSE
3UMA,own,2,out_field,22.9,3,Background knowledge,free_response,9833,180364,15,FALSE,FALSE
3UMA,own,2,out_field,22.9,4,Failure mode,free_response,72215,220895,28,FALSE,FALSE
3UMA,own,2,out_field,22.9,5,Planted error,multiple_choice,24465,25238,0,FALSE,FALSE
3UMA,own,2,out_field,22.9,6,Planted error,multiple_choice,11857,12498,100,FALSE,FALSE
3UMA,own,2,out_field,22.9,7,Unstated rationale,free_response,12089,36326,2,FALSE,FALSE
3UMA,own,2,out_field,22.9,8,Background knowledge,free_response,,0,0,FALSE,TRUE
N984,foreign,1,in_field,28,1,Failure mode,free_response,23727,188792,67,FALSE,FALSE
N984,foreign,1,in_field,28,2,Background knowledge,free_response,59876,372903,22,FALSE,FALSE
N984,foreign,1,in_field,28,3,Planted error,multiple_choice,23484,24340,100,FALSE,FALSE
N984,foreign,1,in_field,28,4,Background knowledge,free_response,8880,158403,35,FALSE,FALSE
N984,foreign,1,in_field,28,5,Failure mode,free_response,30827,93468,0,FALSE,FALSE
N984,foreign,1,in_field,28,6,Unstated rationale,free_response,,41537,0,TRUE,FALSE
N984,foreign,1,in_field,28,7,Unstated rationale,free_response,,21330,0,FALSE,TRUE
N984,foreign,1,in_field,28,8,Planted error,multiple_choice,,0,0,FALSE,TRUE
N984,own,2,in_field,61.5,1,Background knowledge,free_response,3073,168448,69,FALSE,FALSE
N984,own,2,in_field,61.5,2,Background knowledge,free_response,6925,118030,30,FALSE,FALSE
N984,own,2,in_field,61.5,3,Failure mode,free_response,11629,112886,95,FALSE,FALSE
N984,own,2,in_field,61.5,4,Planted error,multiple_choice,79162,79867,100,FALSE,FALSE
N984,own,2,in_field,61.5,5,Unstated rationale,free_response,19270,194432,30,FALSE,FALSE
N984,own,2,in_field,61.5,6,Planted error,multiple_choice,22332,22948,100,FALSE,FALSE
N984,own,2,in_field,61.5,7,Failure mode,free_response,38182,181515,68,FALSE,FALSE
N984,own,2,in_field,61.5,8,Unstated rationale,free_response,,22650,0,FALSE,TRUE
ABKF,foreign,1,in_field,14.1,1,Unstated rationale,free_response,89807,147594,3,FALSE,FALSE
ABKF,foreign,1,in_field,14.1,2,Background knowledge,free_response,45443,91079,0,FALSE,FALSE
ABKF,foreign,1,in_field,14.1,3,Planted error,multiple_choice,109276,110369,0,FALSE,FALSE
ABKF,foreign,1,in_field,14.1,4,Unstated rationale,free_response,192311,227378,10,FALSE,FALSE
ABKF,foreign,1,in_field,14.1,5,Background knowledge,free_response,42193,124924,0,FALSE,FALSE
ABKF,foreign,1,in_field,14.1,6,Failure mode,free_response,39674,100239,0,FALSE,FALSE
ABKF,foreign,1,in_field,14.1,7,Planted error,multiple_choice,19050,19810,100,FALSE,FALSE
ABKF,foreign,1,in_field,14.1,8,Failure mode,free_response,46703,70506,0,FALSE,FALSE
ABKF,own,2,in_field,36.5,1,Background knowledge,free_response,19883,121651,25,FALSE,FALSE
ABKF,own,2,in_field,36.5,2,Planted error,multiple_choice,87775,88962,100,FALSE,FALSE
ABKF,own,2,in_field,36.5,3,Failure mode,free_response,50048,133788,50,FALSE,FALSE
ABKF,own,2,in_field,36.5,4,Background knowledge,free_response,63752,238183,0,FALSE,FALSE
ABKF,own,2,in_field,36.5,5,Unstated rationale,free_response,18742,123928,50,FALSE,FALSE
ABKF,own,2,in_field,36.5,6,Unstated rationale,free_response,13758,103659,42,FALSE,FALSE
ABKF,own,2,in_field,36.5,7,Failure mode,free_response,29371,65257,25,FALSE,FALSE
ABKF,own,2,in_field,36.5,8,Planted error,multiple_choice,15378,16493,0,FALSE,FALSE
F6CM,own,1,out_field,58.6,1,Background knowledge,free_response,13830,334028,66,FALSE,FALSE
F6CM,own,1,out_field,58.6,2,Planted error,multiple_choice,31712,32920,100,FALSE,FALSE
F6CM,own,1,out_field,58.6,3,Failure mode,free_response,10266,274287,55,FALSE,FALSE
F6CM,own,1,out_field,58.6,4,Background knowledge,free_response,23845,74024,20,FALSE,FALSE
F6CM,own,1,out_field,58.6,5,Failure mode,free_response,7977,34554,0,FALSE,FALSE
F6CM,own,1,out_field,58.6,6,Unstated rationale,free_response,5569,63808,65,FALSE,FALSE
F6CM,own,1,out_field,58.6,7,Planted error,multiple_choice,18274,19480,100,FALSE,FALSE
F6CM,own,1,out_field,58.6,8,Unstated rationale,free_response,8781,67457,63,FALSE,FALSE
F6CM,foreign,2,out_field,43.5,1,Failure mode,free_response,123684,153285,0,FALSE,FALSE
F6CM,foreign,2,out_field,43.5,2,Planted error,multiple_choice,8390,9409,100,FALSE,FALSE
F6CM,foreign,2,out_field,43.5,3,Unstated rationale,free_response,117590,154221,2,FALSE,FALSE
F6CM,foreign,2,out_field,43.5,4,Background knowledge,free_response,6470,55753,50,FALSE,FALSE
F6CM,foreign,2,out_field,43.5,5,Planted error,multiple_choice,30275,31407,100,FALSE,FALSE
F6CM,foreign,2,out_field,43.5,6,Unstated rationale,free_response,15448,95243,36,FALSE,FALSE
F6CM,foreign,2,out_field,43.5,7,Background knowledge,free_response,18355,124283,60,FALSE,FALSE
F6CM,foreign,2,out_field,43.5,8,Failure mode,free_response,10673,46098,0,FALSE,FALSE
EM7C,own,1,in_field,63.4,1,Unstated rationale,free_response,10456,45472,30,FALSE,FALSE
EM7C,own,1,in_field,63.4,2,Failure mode,free_response,11762,53582,80,FALSE,FALSE
EM7C,own,1,in_field,63.4,3,Planted error,multiple_choice,14993,16245,100,FALSE,FALSE
EM7C,own,1,in_field,63.4,4,Planted error,multiple_choice,8963,10213,100,FALSE,FALSE
EM7C,own,1,in_field,63.4,5,Unstated rationale,free_response,16942,127286,50,FALSE,FALSE
EM7C,own,1,in_field,63.4,6,Background knowledge,free_response,6122,168235,57,FALSE,FALSE
EM7C,own,1,in_field,63.4,7,Background knowledge,free_response,2454,33319,90,FALSE,FALSE
EM7C,own,1,in_field,63.4,8,Failure mode,free_response,71540,154830,0,FALSE,FALSE
9BR5,own,1,out_field,55.3,1,Failure mode,free_response,81346,178111,0,FALSE,FALSE
9BR5,own,1,out_field,55.3,2,Background knowledge,free_response,11125,131104,74,FALSE,FALSE
9BR5,own,1,out_field,55.3,3,Planted error,multiple_choice,43110,43328,100,FALSE,FALSE
9BR5,own,1,out_field,55.3,4,Unstated rationale,free_response,35374,135424,90,FALSE,FALSE
9BR5,own,1,out_field,55.3,5,Unstated rationale,free_response,62540,104005,8,FALSE,FALSE
9BR5,own,1,out_field,55.3,6,Planted error,multiple_choice,7953,8601,100,FALSE,FALSE
9BR5,own,1,out_field,55.3,7,Background knowledge,free_response,57705,156428,65,FALSE,FALSE
9BR5,own,1,out_field,55.3,8,Failure mode,free_response,37794,131013,5,FALSE,FALSE
6JPN,own,1,out_field,50.5,1,Background knowledge,free_response,10184,128867,57,FALSE,FALSE
6JPN,own,1,out_field,50.5,2,Failure mode,free_response,17213,68864,0,FALSE,FALSE
6JPN,own,1,out_field,50.5,3,Planted error,multiple_choice,50727,52217,0,FALSE,FALSE
6JPN,own,1,out_field,50.5,4,Planted error,multiple_choice,46581,47641,100,FALSE,FALSE
6JPN,own,1,out_field,50.5,5,Failure mode,free_response,32278,104403,78,FALSE,FALSE
6JPN,own,1,out_field,50.5,6,Unstated rationale,free_response,14894,134364,80,FALSE,FALSE
6JPN,own,1,out_field,50.5,7,Background knowledge,free_response,4156,77951,19,FALSE,FALSE
6JPN,own,1,out_field,50.5,8,Unstated rationale,free_response,14388,57595,70,FALSE,FALSE
2BHV,own,2,out_field,32.3,1,Planted error,multiple_choice,52796,54582,0,FALSE,FALSE
2BHV,own,2,out_field,32.3,2,Unstated rationale,free_response,30023,317412,50,FALSE,FALSE
2BHV,own,2,out_field,32.3,3,Background knowledge,free_response,11702,177342,20,FALSE,FALSE
2BHV,own,2,out_field,32.3,4,Planted error,multiple_choice,56244,57353,100,FALSE,FALSE
2BHV,own,2,out_field,32.3,5,Unstated rationale,free_response,19838,199486,88,FALSE,FALSE
2BHV,own,2,out_field,32.3,6,Failure mode,free_response,14404,63435,0,FALSE,FALSE
2BHV,own,2,out_field,32.3,7,Background knowledge,free_response,,10372,0,TRUE,FALSE
2BHV,own,2,out_field,32.3,8,Failure mode,free_response,12950,20276,0,FALSE,FALSE
2JX5,own,1,in_field,41.6,1,Failure mode,free_response,94213,278656,0,FALSE,FALSE
2JX5,own,1,in_field,41.6,2,Background knowledge,free_response,27843,232777,40,FALSE,FALSE
2JX5,own,1,in_field,41.6,3,Planted error,multiple_choice,13331,15853,100,FALSE,FALSE
2JX5,own,1,in_field,41.6,4,Failure mode,free_response,52524,135879,15,FALSE,FALSE
2JX5,own,1,in_field,41.6,5,Unstated rationale,free_response,19595,118537,35,FALSE,FALSE
2JX5,own,1,in_field,41.6,6,Planted error,multiple_choice,10683,11959,100,FALSE,FALSE
2JX5,own,1,in_field,41.6,7,Unstated rationale,free_response,17285,52097,43,FALSE,FALSE
2JX5,own,1,in_field,41.6,8,Background knowledge,free_response,14436,55190,0,FALSE,FALSE
PASE,own,2,out_field,51.5,1,Planted error,multiple_choice,13321,14014,100,FALSE,FALSE
PASE,own,2,out_field,51.5,2,Planted error,multiple_choice,8359,8919,100,FALSE,FALSE
PASE,own,2,out_field,51.5,3,Unstated rationale,free_response,24157,109606,23,FALSE,FALSE
PASE,own,2,out_field,51.5,4,Failure mode,free_response,62867,169352,55,FALSE,FALSE
PASE,own,2,out_field,51.5,5,Background knowledge,free_response,10300,176014,57,FALSE,FALSE
PASE,own,2,out_field,51.5,6,Unstated rationale,free_response,16431,184521,34,FALSE,FALSE
PASE,own,2,out_field,51.5,7,Background knowledge,free_response,15586,160342,43,FALSE,FALSE
PASE,own,2,out_field,51.5,8,Failure mode,free_response,22011,77802,0,FALSE,FALSE
D267,own,2,in_field,50.5,1,Unstated rationale,free_response,42793,292040,32,FALSE,FALSE
D267,own,2,in_field,50.5,2,Background knowledge,free_response,5296,134159,100,FALSE,FALSE
D267,own,2,in_field,50.5,3,Planted error,multiple_choice,15226,15891,100,FALSE,FALSE
D267,own,2,in_field,50.5,4,Unstated rationale,free_response,45679,112555,2,FALSE,FALSE
D267,own,2,in_field,50.5,5,Failure mode,free_response,87705,174241,100,FALSE,FALSE
D267,own,2,in_field,50.5,6,Failure mode,free_response,9717,101905,70,FALSE,FALSE
D267,own,2,in_field,50.5,7,Planted error,multiple_choice,15562,16346,0,FALSE,FALSE
D267,own,2,in_field,50.5,8,Background knowledge,free_response,39189,53058,0,FALSE,FALSE
EM7C,foreign,2,in_field,41.1,1,Background knowledge,free_response,6631,120381,29,FALSE,FALSE
EM7C,foreign,2,in_field,41.1,2,Background knowledge,free_response,6805,133601,62,FALSE,FALSE
EM7C,foreign,2,in_field,41.1,3,Unstated rationale,free_response,187853,217904,8,FALSE,FALSE
EM7C,foreign,2,in_field,41.1,4,Unstated rationale,free_response,34776,96211,10,FALSE,FALSE
EM7C,foreign,2,in_field,41.1,5,Failure mode,free_response,54768,117720,20,FALSE,FALSE
EM7C,foreign,2,in_field,41.1,6,Planted error,multiple_choice,21714,22628,100,FALSE,FALSE
EM7C,foreign,2,in_field,41.1,7,Failure mode,free_response,22172,67333,0,FALSE,FALSE
EM7C,foreign,2,in_field,41.1,8,Planted error,multiple_choice,31717,32409,100,FALSE,FALSE
9BR5,foreign,2,out_field,35.1,1,Unstated rationale,free_response,57822,129485,48,FALSE,FALSE
9BR5,foreign,2,out_field,35.1,2,Planted error,multiple_choice,33732,35101,100,FALSE,FALSE
9BR5,foreign,2,out_field,35.1,3,Failure mode,free_response,66734,230610,0,FALSE,FALSE
9BR5,foreign,2,out_field,35.1,4,Unstated rationale,free_response,136512,199959,5,FALSE,FALSE
9BR5,foreign,2,out_field,35.1,5,Background knowledge,free_response,46685,129584,0,FALSE,FALSE
9BR5,foreign,2,out_field,35.1,6,Failure mode,free_response,21906,74713,20,FALSE,FALSE
9BR5,foreign,2,out_field,35.1,7,Planted error,multiple_choice,56857,59424,100,FALSE,FALSE
9BR5,foreign,2,out_field,35.1,8,Background knowledge,free_response,13003,42467,8,FALSE,FALSE
6JPN,foreign,2,out_field,35.5,1,Planted error,multiple_choice,62816,64618,100,FALSE,FALSE
6JPN,foreign,2,out_field,35.5,2,Failure mode,free_response,168239,178032,5,FALSE,FALSE
6JPN,foreign,2,out_field,35.5,3,Planted error,multiple_choice,21825,22773,100,FALSE,FALSE
6JPN,foreign,2,out_field,35.5,4,Unstated rationale,free_response,28830,51949,25,FALSE,FALSE
6JPN,foreign,2,out_field,35.5,5,Background knowledge,free_response,39748,214176,34,FALSE,FALSE
6JPN,foreign,2,out_field,35.5,6,Failure mode,free_response,15856,75955,12,FALSE,FALSE
6JPN,foreign,2,out_field,35.5,7,Unstated rationale,free_response,140439,162041,8,FALSE,FALSE
6JPN,foreign,2,out_field,35.5,8,Background knowledge,free_response,44447,131449,0,FALSE,FALSE
2JX5,foreign,2,in_field,27.3,1,Unstated rationale,free_response,,261877,0,TRUE,FALSE
2JX5,foreign,2,in_field,27.3,2,Planted error,multiple_choice,36990,44428,100,FALSE,FALSE
2JX5,foreign,2,in_field,27.3,3,Unstated rationale,free_response,286031,374449,8,FALSE,FALSE
2JX5,foreign,2,in_field,27.3,4,Background knowledge,free_response,5550,95016,10,FALSE,FALSE
2JX5,foreign,2,in_field,27.3,5,Background knowledge,free_response,12427,39662,0,FALSE,FALSE
2JX5,foreign,2,in_field,27.3,6,Planted error,multiple_choice,39675,40865,100,FALSE,FALSE
2JX5,foreign,2,in_field,27.3,7,Failure mode,free_response,,15559,0,TRUE,FALSE
2JX5,foreign,2,in_field,27.3,8,Failure mode,free_response,,28467,0,FALSE,TRUE
PASE,foreign,1,out_field,28.8,1,Background knowledge,free_response,28287,136819,0,FALSE,FALSE
PASE,foreign,1,out_field,28.8,2,Failure mode,free_response,60991,264978,0,FALSE,FALSE
PASE,foreign,1,out_field,28.8,3,Unstated rationale,free_response,62014,207863,32,FALSE,FALSE
PASE,foreign,1,out_field,28.8,4,Failure mode,free_response,36310,165996,0,FALSE,FALSE
PASE,foreign,1,out_field,28.8,5,Background knowledge,free_response,5687,78924,70,FALSE,FALSE
PASE,foreign,1,out_field,28.8,6,Planted error,multiple_choice,4449,5203,100,FALSE,FALSE
PASE,foreign,1,out_field,28.8,7,Unstated rationale,free_response,20933,40537,28,FALSE,FALSE
PASE,foreign,1,out_field,28.8,8,Planted error,multiple_choice,,0,0,FALSE,TRUE
D267,foreign,1,in_field,35.3,1,Unstated rationale,free_response,76248,108019,0,FALSE,FALSE
D267,foreign,1,in_field,35.3,2,Planted error,multiple_choice,68364,90343,100,FALSE,FALSE
D267,foreign,1,in_field,35.3,3,Failure mode,free_response,,63057,0,TRUE,FALSE
D267,foreign,1,in_field,35.3,4,Background knowledge,free_response,48148,252691,38,FALSE,FALSE
D267,foreign,1,in_field,35.3,5,Background knowledge,free_response,9482,166391,34,FALSE,FALSE
D267,foreign,1,in_field,35.3,6,Planted error,multiple_choice,19896,22122,100,FALSE,FALSE
D267,foreign,1,in_field,35.3,7,Unstated rationale,free_response,80272,194866,10,FALSE,FALSE
D267,foreign,1,in_field,35.3,8,Failure mode,free_response,,3193,0,FALSE,TRUE
2BHV,foreign,1,out_field,39,1,Unstated rationale,free_response,106756,286354,43,FALSE,FALSE
2BHV,foreign,1,out_field,39,2,Planted error,multiple_choice,52436,59047,100,FALSE,FALSE
2BHV,foreign,1,out_field,39,3,Failure mode,free_response,,74973,0,TRUE,FALSE
2BHV,foreign,1,out_field,39,4,Failure mode,free_response,,60617,0,TRUE,FALSE
2BHV,foreign,1,out_field,39,5,Unstated rationale,free_response,107964,129991,7,FALSE,FALSE
2BHV,foreign,1,out_field,39,6,Background knowledge,free_response,11445,223358,62,FALSE,FALSE
2BHV,foreign,1,out_field,39,7,Planted error,multiple_choice,60065,61096,100,FALSE,FALSE
2BHV,foreign,1,out_field,39,8,Background knowledge,free_response,,5080,0,FALSE,TRUE
WV8T,own,2,in_field,44.4,1,Background knowledge,free_response,23507,94057,18,FALSE,FALSE
WV8T,own,2,in_field,44.4,2,Planted error,multiple_choice,51935,59194,100,FALSE,FALSE
WV8T,own,2,in_field,44.4,3,Planted error,multiple_choice,22573,24752,100,FALSE,FALSE
WV8T,own,2,in_field,44.4,4,Failure mode,free_response,47389,151498,0,FALSE,FALSE
WV8T,own,2,in_field,44.4,5,Unstated rationale,free_response,10680,267486,69,FALSE,FALSE
WV8T,own,2,in_field,44.4,6,Unstated rationale,free_response,38488,101539,2,FALSE,FALSE
WV8T,own,2,in_field,44.4,7,Failure mode,free_response,9416,68474,0,FALSE,FALSE
WV8T,own,2,in_field,44.4,8,Background knowledge,free_response,7966,126048,66,FALSE,FALSE
WV8T,foreign,1,in_field,14.4,1,Unstated rationale,free_response,138015,192606,0,TRUE,FALSE
WV8T,foreign,1,in_field,14.4,2,Unstated rationale,free_response,70325,92190,0,FALSE,FALSE
WV8T,foreign,1,in_field,14.4,3,Background knowledge,free_response,90427,203939,0,FALSE,FALSE
WV8T,foreign,1,in_field,14.4,4,Failure mode,free_response,,49344,0,TRUE,FALSE
WV8T,foreign,1,in_field,14.4,5,Planted error,multiple_choice,63217,64032,100,FALSE,FALSE
WV8T,foreign,1,in_field,14.4,6,Background knowledge,free_response,36263,173593,15,FALSE,FALSE
WV8T,foreign,1,in_field,14.4,7,Failure mode,free_response,44787,124966,0,FALSE,FALSE
WV8T,foreign,1,in_field,14.4,8,Planted error,multiple_choice,,0,0,FALSE,TRUE
SRSS,own,2,out_field,60.3,1,Planted error,multiple_choice,29764,31730,100,FALSE,FALSE
SRSS,own,2,out_field,60.3,2,Unstated rationale,free_response,25615,216965,45,FALSE,FALSE
SRSS,own,2,out_field,60.3,3,Planted error,multiple_choice,102244,102911,100,FALSE,FALSE
SRSS,own,2,out_field,60.3,4,Failure mode,free_response,21727,156238,78,FALSE,FALSE
SRSS,own,2,out_field,60.3,5,Failure mode,free_response,10889,126623,84,FALSE,FALSE
SRSS,own,2,out_field,60.3,6,Unstated rationale,free_response,23542,165989,35,FALSE,FALSE
SRSS,own,2,out_field,60.3,7,Background knowledge,free_response,7100,69961,40,FALSE,FALSE
SRSS,own,2,out_field,60.3,8,Background knowledge,free_response,6407,29815,0,FALSE,FALSE
SRSS,foreign,1,out_field,14.5,1,Failure mode,free_response,219203,326838,0,FALSE,FALSE
SRSS,foreign,1,out_field,14.5,2,Unstated rationale,free_response,109633,284868,16,FALSE,FALSE
SRSS,foreign,1,out_field,14.5,3,Planted error,multiple_choice,138260,139205,100,FALSE,FALSE
SRSS,foreign,1,out_field,14.5,4,Background knowledge,free_response,,64269,0,TRUE,FALSE
SRSS,foreign,1,out_field,14.5,5,Failure mode,free_response,9324,60435,0,FALSE,FALSE
SRSS,foreign,1,out_field,14.5,6,Unstated rationale,free_response,,11218,0,TRUE,FALSE
SRSS,foreign,1,out_field,14.5,7,Planted error,multiple_choice,8783,9708,0,FALSE,FALSE
SRSS,foreign,1,out_field,14.5,8,Background knowledge,free_response,,4077,0,FALSE,TRUE
